Group,Title,Username,Password,URL,Notes
Root,ExampleInGroup1,ExampleInGroup1Username,ExampleInGroup1Password,https://example.com,ExampleInGroup1Notes
Root,2ExampleInGroup1,2ExampleInGroup1Username,2ExampleInGroup1Password,https://example.com,2ExampleInGroup1Notes
Root,ExampleInGroup2,ExampleInGroup2Username,ExampleInGroup2Password,https://example.com,ExampleInGroup2Notes




































































































































































































































































































































































































































































































































































































































































































































































































































































































































































































































